"Update Cookie Settings","Update Cookie Settings"
"Cookie Settings","Cookie Settings"
"Learn more","Learn more"
"Necessary cookies","Necessary cookies"
"Preferences cookies","Preferences cookies"
"Toggle me","Toggle me"
"Statistic cookies","Statistic cookies"
"Marketing cookies","Marketing cookies"
"Customize","Customize"
"Accept all","Accept all"
"Deny all","Deny all"
"Manage Settings","Manage Settings"
"Block all cookies","Block all cookies"
"To use these Services, we need your consent. By clicking on “Accept all”, you declare your consent to the use of all Services. You can also declare your consent by individually clicking on the sliders for each category of cookies and save.","To use these Services, we need your consent. By clicking on “Accept all”, you declare your consent to the use of all Services. You can also declare your consent by individually clicking on the sliders for each category of cookies and save."
"Necessary cookies help make a website usable by enabling basic functions like page navigation and access to secure areas of the website. The website cannot function properly without these cookies.","Necessary cookies help make a website usable by enabling basic functions like page navigation and access to secure areas of the website. The website cannot function properly without these cookies."
"Preference cookies enable a website to remember information that changes the way the website behaves or looks, like your preferred language or the region that you are in.","Preference cookies enable a website to remember information that changes the way the website behaves or looks, like your preferred language or the region that you are in."
"Statistic cookies help website owners to understand how visitors interact with websites by collecting and reporting information anonymously.","Statistic cookies help website owners to understand how visitors interact with websites by collecting and reporting information anonymously."
"Marketing cookies are used to track visitors across websites. The intention is to display ads that are relevant and engaging for the individual user and thereby more valuable for publishers and third party advertisers.","Marketing cookies are used to track visitors across websites. The intention is to display ads that are relevant and engaging for the individual user and thereby more valuable for publishers and third party advertisers."
"We use our own cookies as well as third-party cookies on our websites to enhance your experience, analyze our traffic, and for security and marketing. Select ""Accept All"" to allow them to be used. Read our <a href=""%1"" class=""%2"">Cookie Policy</a>.","We use our own cookies as well as third-party cookies on our websites to enhance your experience, analyze our traffic, and for security and marketing. Select ""Accept All"" to allow them to be used. Read our <a href=""%1"" class=""%2"">Cookie Policy</a>."